id,Fold_stratified_url,Fold_stratified_url_ver2,random_state
c12129c31,0,0,88
85aa80a4c,1,1,88
b69ac6792,2,2,88
dd1000b26,3,3,88
37c1b32fb,4,1,88
f9bf357fe,0,3,88
eaf8e7355,1,2,88
0a43a07f1,2,3,88
f7eff7419,3,1,88
d96e6dbcd,4,2,88
c57b50918,0,3,88
8d8a2667f,1,4,88
a0d4cd896,2,0,88
0963b8cf9,3,1,88
587502a70,4,2,88
af79954c5,0,3,88
7656dea91,1,4,88
60ecc9777,2,0,88
057f69731,3,1,88
5e7c0b55b,4,1,88
a9ebe5d33,0,2,88
47e98a5c8,1,3,88
7285ba024,2,4,88
66f0a9ff1,3,0,88
e4f3550b2,4,1,88
e6181a3fb,0,2,88
08104f366,1,3,88
2df8a90eb,2,4,88
fc36fd8ff,3,1,88
060e33d14,4,0,88
aa6f9e224,0,0,88
4d5b83eba,1,2,88
918a52c5a,2,3,88
83e4f4031,3,4,88
c8ff70806,4,2,88
bdd8488dd,0,0,88
4b7a4b258,1,0,88
0cc4c4124,2,0,88
b8445380e,3,1,88
8cc328cc3,4,4,88
ee2908eeb,0,2,88
4835579c1,1,3,88
860580bf0,2,2,88
e355dc94d,3,0,88
7017e31a7,4,1,88
2dc93434f,0,2,88
e97e914c6,1,0,88
12da06b54,2,0,88
90f7894fc,3,1,88
086a01dde,4,0,88
e894309c3,0,1,88
e25d16cf4,1,3,88
e492c3e0a,2,4,88
59d87380b,3,0,88
fa84dbf46,4,1,88
97376dd89,0,2,88
3941a0775,1,0,88
419a460ef,2,3,88
1c5eaf24e,3,4,88
741b12820,4,0,88
939541b15,0,1,88
a925cdb49,1,4,88
b6f05e0c2,2,2,88
bebf505e3,3,3,88
b5d69a031,4,4,88
3411fc5bb,0,0,88
0f1656963,1,0,88
fd1213183,2,1,88
61d943954,3,2,88
a7b02232a,4,3,88
c8248450c,0,4,88
6e7e7ea91,1,0,88
0060c36b9,2,0,88
9e69a612d,3,0,88
08aa1ae28,4,1,88
cd96e48f5,0,4,88
cf3189919,1,2,88
f0f26aafc,2,3,88
526455fc3,3,4,88
89bc2974e,4,0,88
5a14e5c1b,0,1,88
b533bc27e,1,2,88
a38c47dc1,2,3,88
a1940242f,3,4,88
cb682b5d0,4,3,88
74498048f,0,4,88
b1bf8bb2d,1,4,88
c9ffcb15b,2,0,88
b0eab5ef8,3,2,88
06ce84c6d,4,1,88
5accb45d5,0,2,88
7f947f364,1,3,88
5813050e4,2,3,88
4e62e645b,3,4,88
92de89438,4,0,88
6eb22333a,0,1,88
8de3a8dd8,1,1,88
d8c5b6ac8,2,2,88
9156a494a,3,3,88
da2dbbc70,4,4,88
669c8bb53,0,0,88
cbbd1d214,1,3,88
c337534cd,2,0,88
ad1ad157a,3,1,88
15df7f4ab,4,2,88
60f36e48c,0,3,88
436ce79fe,1,4,88
8f576a796,2,0,88
1b2275a6b,3,1,88
e39b68366,4,2,88
80035934c,0,2,88
3a25b6fbc,1,2,88
46a13c6ea,2,3,88
79b580b77,3,4,88
9ce1ddb37,4,0,88
3723e3a8f,0,1,88
57e274d73,1,2,88
10c0e9378,2,2,88
074f70bbe,3,2,88
dd8a9d2f4,4,3,88
833efe648,0,0,88
26d07b3b3,1,4,88
10079320a,2,1,88
6980ceba4,3,0,88
5c5d57c8a,4,1,88
97cfc08c1,0,2,88
664ef8cdd,1,3,88
0cdf53452,2,4,88
0921dcfa3,3,3,88
a45668166,4,0,88
ed7084c72,0,3,88
e9a3ac07b,1,0,88
cc053446f,2,1,88
df9a91b62,3,2,88
72abfc738,4,3,88
cf051fa19,0,3,88
b81d4f07a,1,4,88
2fd1bc415,2,0,88
17f811ae2,3,1,88
fb249919c,4,2,88
dd679b1ae,0,3,88
9fcd7cf25,1,4,88
11e21679d,2,4,88
bf2b74953,3,4,88
e2633499a,4,0,88
d015b4eb7,0,0,88
d80263492,1,1,88
5a237df4a,2,3,88
16e883aee,3,2,88
c25c2e48c,4,3,88
4563a70ca,0,2,88
eb45f741d,1,4,88
687eb6e91,2,0,88
df052152b,3,1,88
865e80e6a,4,2,88
4a50c22ba,0,2,88
79cafacb6,1,3,88
8b31124fd,2,4,88
5129ab90e,3,3,88
5db0d38de,4,0,88
f745bb842,0,3,88
5b786d0b1,1,0,88
59e6b07ad,2,1,88
2cc7ad1da,3,2,88
dab96a9ab,4,3,88
82eba3cf1,0,0,88
4331e23fb,1,4,88
472447dbf,2,4,88
3985c8e37,3,0,88
a1864cd44,4,1,88
a5c22fbff,0,2,88
424abc511,1,3,88
d031fb6b8,2,4,88
344524c76,3,0,88
79fb5f325,4,2,88
38548788f,0,1,88
d6461df4e,1,2,88
669b6d8e1,2,3,88
76f4e081f,3,4,88
7aad3c01f,4,0,88
1eafabcd1,0,1,88
13c214c34,1,2,88
3b3d2bad7,2,2,88
2490e8a15,3,4,88
68f464a42,4,2,88
1e1bc114d,0,4,88
6525f8ffd,1,3,88
f317805ab,2,3,88
2cc85e648,3,4,88
61e97c2ce,4,0,88
cb5c0092d,0,1,88
4fbca0146,1,1,88
56dc08499,2,2,88
d09e70eb3,3,3,88
020e5345a,4,4,88
160038234,0,0,88
b9cca6661,1,1,88
2de580130,2,2,88
0555a5d4c,3,2,88
17a410c5a,4,3,88
dd3eebaf4,0,4,88
59e7951b6,1,0,88
0f01f53b1,2,1,88
2560699e2,3,2,88
c77f6c356,4,4,88
b9c1ffa01,0,1,88
0a06bcbc4,1,3,88
c14989fd8,2,4,88
50e9e3fcd,3,0,88
72d4c2ff5,4,1,88
4b3ebe537,0,3,88
88fd6ec35,1,2,88
a25af22ce,2,2,88
801e7775f,3,3,88
27e1db8fc,4,4,88
84badb218,0,0,88
c1f093311,1,4,88
902dc6da5,2,1,88
51cd672ae,3,2,88
f2f4c3e8c,4,2,88
33c8209b0,0,3,88
d2bc997b6,1,2,88
21ea485fb,2,4,88
a04741371,3,0,88
5cb5ab998,4,1,88
622f6215e,0,1,88
141c0439d,1,2,88
4d58c662c,2,2,88
2aa6a6a85,3,3,88
1bc431649,4,4,88
24e274809,0,0,88
5258eed6d,1,3,88
7344729b8,2,4,88
ab4947fd2,3,1,88
680ff0495,4,4,88
a99532546,0,3,88
b7120e247,1,0,88
45aac7fda,2,1,88
f85f5ef42,3,2,88
bf1f402ca,4,2,88
09c41e31e,0,3,88
8a229dc14,1,4,88
5d4c76dc2,2,0,88
659e6b1af,3,1,88
4549ad3c0,4,3,88
acd3f0207,0,2,88
f449a79ae,1,4,88
a276c10e3,2,3,88
d1fa0d1f4,3,4,88
07de53e3c,1,0,88
a26e55bea,4,1,88
5127fb10f,4,2,88
a6045da7b,0,4,88
0d3a8f33b,1,0,88
7073d1ef3,3,3,88
e83e2cc69,1,3,88
e4d810c98,3,4,88
c46e26fb6,0,0,88
688e3c808,3,1,88
6ee4f1df3,0,2,88
bba96ae90,0,3,88
6849b506d,2,4,88
9ebae047b,3,4,88
2b2fdfc8c,1,4,88
95e0a7b8d,4,0,88
14365d003,4,1,88
92a8d63d2,4,2,88
b12cb6e0d,2,3,88
49cae2321,2,4,88
e6063b77d,1,4,88
bc748d8e3,2,0,88
cef7dd81c,1,1,88
1e497b6bc,0,1,88
201eff52d,1,3,88
8c3532d5e,3,0,88
a512494fc,4,2,88
62526c010,0,1,88
d74e2a8a3,4,2,88
fec88f35c,1,3,88
84101eee4,3,4,88
797c77844,0,0,88
069d0da0f,2,1,88
674bd8368,4,2,88
fed2fbd39,1,3,88
c524ddc05,3,4,88
3452290fd,2,2,88
52433aef2,2,4,88
92749fef5,0,0,88
09fe55c1c,2,1,88
1eb28e98e,3,0,88
94c1c23fd,3,0,88
ac50d303b,2,2,88
50c339373,2,3,88
fd23df088,0,4,88
137af2682,0,4,88
9357b32ff,3,0,88
a78c5d564,2,1,88
2d08e6642,3,2,88
954b463dc,1,3,88
c228478ac,3,4,88
e83d8c94b,3,0,88
ea67143e5,2,1,88
68030b769,0,1,88
cf3f0844b,0,2,88
f8c8e64bb,4,3,88
8f11d4954,3,4,88
9fefb4259,1,0,88
6e39df98c,3,1,88
cb472863a,1,2,88
875601dcb,2,2,88
24e16582a,0,3,88
0ee9ed7d1,3,4,88
e88783670,1,0,88
5e1c3fc3c,4,1,88
4afe4aad8,2,2,88
7f8863c77,2,3,88
0263a173f,1,4,88
1ad3c0a9c,0,0,88
32fc19585,2,4,88
9191df3d4,3,1,88
f43a27b6d,1,3,88
701310673,4,0,88
f1a527e3b,3,2,88
6c1ec61d3,4,3,88
dca4328c4,0,4,88
b9340b6e4,1,0,88
b972ec989,2,1,88
25427adb0,2,3,88
51c8c5c23,1,2,88
f8c88833f,1,3,88
5d2930947,0,4,88
a15ef0c1c,1,0,88
00589d631,2,1,88
522b40c9f,4,0,88
a4fe184a7,1,2,88
1b763f5eb,2,3,88
0cd2488aa,3,4,88
99361e803,2,1,88
0b252057e,0,3,88
62e7568a4,4,1,88
b5ffa97d5,4,0,88
afc8ff464,4,3,88
e167bb46b,4,1,88
dc9fc8155,0,2,88
c56b17080,2,3,88
0d456589c,3,4,88
f88faca70,0,0,88
c434b7308,0,1,88
b9e48c16b,1,1,88
7690c0d22,1,2,88
03fccfcee,0,3,88
525766d24,4,4,88
50dc68f2f,0,0,88
70f07093e,3,4,88
7c732b8bb,2,1,88
fbcb3dbac,1,2,88
b52f3696a,0,3,88
b5a6847a8,0,2,88
7a5ff6589,1,4,88
043049ae7,4,0,88
c85c04767,1,1,88
dbfa3780f,1,2,88
3e348dce0,1,2,88
a01ff5dc0,0,3,88
25268f8d2,0,4,88
23e34b043,2,0,88
b5164ad5e,0,3,88
954d11b73,4,1,88
f87925b78,4,2,88
e2050ac7a,0,3,88
70b52f9ec,4,4,88
67c4ede2f,1,0,88
a8a4d23c3,3,1,88
0c66f669a,3,2,88
04245deb8,4,3,88
273baf218,3,4,88
906fdc3fb,3,0,88
d275f5dd3,1,1,88
497e85068,1,3,88
a9c88f6df,4,0,88
ecfffa27f,3,2,88
2ec50cadf,2,3,88
f378386f4,2,4,88
77f73d19f,3,4,88
dbef2d020,1,2,88
c83049ee2,2,0,88
0377a5ba9,2,3,88
ea57f3753,1,1,88
7a259cdf4,4,2,88
8c3bba2b2,4,3,88
ac715fbdd,3,1,88
5bb09dede,4,4,88
438d0393b,0,0,88
05c2f2fb0,0,1,88
204f4dec4,1,2,88
d8a77aa56,1,0,88
b54f796ab,1,0,88
7f1427de9,4,3,88
0febeb424,0,2,88
141aae66a,3,4,88
403b0ca76,2,0,88
645d438fb,2,1,88
62834f569,2,1,88
fff594b50,2,0,88
c481b3218,4,1,88
98b62b4f5,2,2,88
06e556039,1,0,88
edba35680,4,4,88
146d29c6b,3,1,88
38d1fb000,1,2,88
884c4771b,2,3,88
ca85ccd97,4,1,88
d24612311,0,3,88
0fe7e91a4,1,4,88
86e14510a,2,0,88
15fc88a5f,0,2,88
159a7ab6c,0,1,88
26ee34f6c,0,2,88
cd17cf7c7,2,3,88
8f721c292,1,2,88
19bfac449,2,4,88
3fbefb41a,0,0,88
1eb302c9c,1,1,88
5d8da7a16,4,2,88
a3f10d9df,1,3,88
6c58966f4,3,4,88
9fb92d9b4,0,0,88
933e78b0c,3,0,88
9d2d55759,3,1,88
8057d0e72,3,2,88
bf118dacf,4,3,88
93882c9cf,4,4,88
5d139e7ab,3,0,88
26678560c,3,1,88
c01d99818,2,3,88
c33c1cbc6,0,1,88
5736648a1,2,4,88
456ee9f81,4,2,88
543d435b4,4,4,88
2a32c5eeb,4,4,88
83987c412,0,1,88
a9d3d8260,1,1,88
1be0e5fbf,4,2,88
d3aef0bba,1,3,88
d48328468,4,4,88
8d55ccfa3,4,0,88
00e2e0148,2,3,88
5e96ed266,1,1,88
1df3f8354,3,3,88
adf04a8f4,0,2,88
35a56340d,1,3,88
85a975cc1,4,4,88
e50f1c437,1,0,88
27b3fb150,3,3,88
86d76609e,2,1,88
339ee734d,3,2,88
7a0641567,4,3,88
29cd28197,0,4,88
03fed49a4,4,0,88
c85b48fe7,3,1,88
25418ac78,4,2,88
ebac871b7,1,3,88
22ebf369e,2,4,88
83f77fa83,4,0,88
35099250c,1,0,88
c4709a131,1,0,88
bf3ea5462,0,1,88
7ba209d4b,2,2,88
3034df752,3,3,88
ebb2713b9,4,4,88
3bd96fa79,0,0,88
478a77c74,3,0,88
e9eb2f1aa,3,1,88
5b63df3ed,0,2,88
190892047,1,3,88
d55d97ab3,0,4,88
23fa02682,2,0,88
5adc8037f,1,1,88
9a1ff68f0,1,1,88
66c40304c,0,2,88
4be5d5b1b,0,3,88
bd4d3fd35,1,4,88
feb6c61dd,0,0,88
e21a8d1fb,4,1,88
6ab432eb0,0,2,88
7bcdf0b70,4,4,88
a24031f43,1,3,88
f97204802,0,3,88
9a3b4c21f,0,4,88
14112c6ee,4,2,88
94a7d89ea,0,3,88
6664a7bcc,1,2,88
014b0c117,4,0,88
f18969199,0,1,88
7891283c8,0,1,88
6d7a84402,2,0,88
84fba32e2,4,2,88
ae2a39de9,3,3,88
f14d4ff94,1,4,88
40923b7c1,1,0,88
ec07a54cf,0,2,88
f51462541,4,1,88
9c48938f2,2,0,88
c6c5c7b1d,0,2,88
6ef035530,2,3,88
58c58d344,3,1,88
4871563c3,1,4,88
c8a491c6f,0,0,88
7364963a0,3,2,88
6f8affb27,2,1,88
11dc56882,4,2,88
0194295f1,0,3,88
27221e5a2,3,1,88
329cd9805,4,4,88
b64e1c1e7,2,0,88
0301013cf,2,1,88
947e2b67c,4,4,88
8cbfb01cf,0,2,88
dee9eca74,0,2,88
38aa1ead8,1,3,88
5b2fe7764,1,4,88
9bc557816,3,0,88
a9e5ef5e5,3,1,88
a1531d627,4,2,88
861539d4c,1,4,88
2a56edd5a,3,3,88
2a84fbd08,0,4,88
c9eea4fc6,0,0,88
0eb66e27e,1,2,88
0f9838e7e,3,2,88
92d5b6fcc,3,1,88
da2d9831a,3,1,88
5f964e1e7,0,1,88
959951b2b,3,2,88
8a2b83b06,3,3,88
067b97b3e,2,4,88
5724967c7,4,0,88
1749d6ad0,4,1,88
663a28944,4,0,88
d54fc5196,4,1,88
99b938c1b,0,2,88
ec888c025,1,3,88
188449e7e,0,1,88
e24391c0c,4,4,88
90ba26317,3,0,88
7eacd1edc,4,0,88
bc1fb901e,3,1,88
4b9e40924,2,4,88
29c7b573f,2,2,88
f7c205371,1,2,88
fcc566f86,2,3,88
b7ff3f935,1,4,88
475a53f12,2,0,88
46577b58d,2,1,88
d7064ad71,3,2,88
916faaa6b,2,2,88
0e3ee0b16,3,3,88
acb53f607,0,4,88
f9fb02afe,4,0,88
1ec0dccc1,4,0,88
e0c5e988c,0,0,88
e11b8183b,0,1,88
b949b1ef7,3,1,88
994cc6091,3,2,88
bae209b89,1,3,88
747e04d46,2,4,88
3a7c0e5c0,3,0,88
5f1e73614,3,0,88
f80bf00cd,3,0,88
8fa893ad4,3,1,88
3c1674b21,4,2,88
a4fa3021c,2,3,88
df86b1ee8,2,1,88
4df967e22,4,4,88
26395cae9,2,0,88
25e6b2031,3,1,88
3a4b56999,2,3,88
82f92f8a5,1,2,88
a9397ddc1,3,3,88
b1182ff9a,1,4,88
7099e038d,0,1,88
ea39d6014,2,3,88
33a5087e7,4,2,88
a20087e7c,1,4,88
663afa987,2,0,88
d2f71c57b,3,1,88
7cc35371e,4,2,88
26fd0c675,4,3,88
708324262,3,4,88
e882f463d,0,0,88
073875f13,2,0,88
0d90e92a3,1,4,88
ab24f949c,3,1,88
f805c380d,2,2,88
39ddf1d39,1,2,88
c6ac6a81e,1,3,88
3bc279c79,0,2,88
1d3b50f9d,3,3,88
36a340cb8,0,4,88
95c133a73,4,1,88
3bd492e5f,0,0,88
e427c1a62,2,1,88
6c21d9b1e,1,2,88
fe6620086,3,2,88
2491eebf3,1,1,88
31aba067d,3,2,88
8a23a4ba3,2,3,88
b1aafcfd0,1,4,88
fb2d4c9d6,1,0,88
88d52f8e2,1,3,88
33511af2b,3,1,88
10426d8a6,3,2,88
200001c2d,1,3,88
69c52df11,2,4,88
ec437fd25,4,3,88
195bb7384,0,0,88
7a1723dd0,3,1,88
6c04954f0,2,2,88
a4758360d,4,1,88
74dcefd0b,2,3,88
bac396931,3,4,88
0b2b28516,4,0,88
2d91125e2,0,1,88
5c22a3c42,4,2,88
0e54e5176,2,3,88
daa697f3e,0,3,88
d1e534d7e,2,0,88
d0e0b8a07,2,2,88
65c3fc984,3,4,88
a26d6d550,4,0,88
c19430bb5,2,1,88
aa628d18b,3,0,88
e48f075f9,4,2,88
e6fd2bc8a,0,3,88
e7dc3df1d,0,4,88
6dc285550,3,0,88
49476203e,4,1,88
7a0474321,4,2,88
4fe36299f,4,3,88
195133a2c,0,3,88
9ca3de311,2,3,88
7dadc99f7,2,4,88
0ca04f879,3,1,88
8c42df10f,2,0,88
56771fd66,1,1,88
9c11fddcc,1,2,88
22cb49f55,1,3,88
11c3536a9,0,4,88
b32813296,1,0,88
5e818791b,2,4,88
858c1c937,2,1,88
466d31b75,2,2,88
067254eba,2,3,88
3506c7729,3,4,88
7c5e4c544,4,0,88
4bda63175,1,1,88
8ad831af1,0,2,88
75a659e45,1,3,88
60305c619,3,1,88
e48d82d90,0,4,88
b822dd87a,1,0,88
82a6d3579,3,1,88
7406f3ec9,4,2,88
8aa8eb87a,1,3,88
80a6e054b,3,0,88
ecec71bf5,1,4,88
169427af9,1,0,88
5571f838d,2,1,88
190b37c5d,0,2,88
ff05c5c21,3,1,88
70889932b,4,3,88
edf40f465,1,3,88
041370a06,4,4,88
a64a9ee5e,4,0,88
586e63886,3,1,88
c3f7b5a72,0,2,88
551e0fc0b,0,3,88
0542ab29a,4,4,88
ce470932b,4,3,88
10112f396,0,0,88
e18cb726a,1,0,88
400903544,0,0,88
fe19cd82d,4,0,88
ee3057687,3,3,88
0b85114d2,1,1,88
9a025b51d,3,1,88
6a5350990,2,2,88
322e67244,3,3,88
88f6fd2e2,3,4,88
9d0141395,3,4,88
5cd839366,1,0,88
cd5e78485,1,4,88
d6764322c,4,1,88
952e7545d,0,0,88
c1b9c0e90,0,2,88
639596b83,0,1,88
a01200b53,0,3,88
22a65768d,1,4,88
f234be2d1,0,4,88
9147713d7,3,0,88
d2ed034c7,1,0,88
5f6bddf7e,2,1,88
6fdc56fc1,1,2,88
840ed394e,3,3,88
5c7e474f9,4,0,88
bc2022607,4,3,88
6923a71bd,4,4,88
b73d34263,1,0,88
55990b441,1,1,88
933bbff95,4,2,88
d5fb5c973,0,3,88
d77ea07b8,1,4,88
861faf1f5,1,0,88
f0d7b622e,2,1,88
437b00624,2,4,88
8fb1cf05f,2,2,88
c946aecc3,0,1,88
ec01b706a,0,3,88
d91936b32,0,4,88
476b3492a,1,0,88
90a777ef2,0,1,88
0de4ec6f5,1,1,88
d42622eb6,3,2,88
8c9a2b4ee,0,3,88
be4393b13,2,4,88
5ac6ee76a,2,2,88
8be3592cf,4,0,88
c9849a3ad,3,1,88
ba7c965a6,0,2,88
347de9ec7,0,3,88
f1e1e48c9,1,4,88
695bb0ad0,4,4,88
848f1d906,4,0,88
01734f6f6,3,1,88
e668530bf,4,2,88
c61350717,2,0,88
bb3a5dad0,0,3,88
90e340ba0,0,2,88
50ddd053a,1,4,88
1fa9123c4,4,0,88
0208ac8d4,2,1,88
33030f528,0,2,88
a9224074c,4,1,88
886fb8a49,0,3,88
a9829cf3d,3,4,88
c376446c9,2,0,88
56a925239,4,0,88
0bd33d156,3,1,88
dfefb0086,2,3,88
3f2a8972d,4,2,88
abd72da8f,2,3,88
a23df5190,4,4,88
eaba56724,3,4,88
791a3018f,0,0,88
ac2d318cb,4,0,88
646c87513,4,1,88
bb1550abb,3,2,88
e5ed9fe10,2,1,88
f19ad54ad,0,2,88
dd84feace,1,3,88
28a8769f2,2,4,88
eaba0ffae,3,0,88
7627933b2,3,0,88
ca8926fe5,2,0,88
e4c6bc97a,0,0,88
b6a8c1b6d,0,1,88
5c0dd7800,3,2,88
989afe6bf,1,2,88
cce06a110,1,3,88
03b1a6ff7,2,4,88
ee2fcc78b,0,0,88
a666c1db9,1,2,88
83f9c17b9,0,1,88
c4569ce1b,2,1,88
298ce4b53,4,4,88
85c3fe33d,1,1,88
45564f878,4,2,88
6c603c6dc,4,3,88
e36cf4569,4,4,88
124de178b,1,0,88
9e7ada519,4,1,88
d2556a097,0,2,88
614acf47c,4,3,88
9c82627a0,4,0,88
24e00a515,0,4,88
c89fe1521,1,4,88
0b405c725,1,4,88
b3769fbe0,2,4,88
bacdd6a73,0,0,88
f113e6d15,4,1,88
6c2e05a3e,3,2,88
848d00314,1,3,88
cfa18ebad,3,4,88
c7be17d70,3,0,88
e89267551,3,1,88
f4d52c329,3,2,88
4cf4a2fa3,2,3,88
cd1915d2d,1,4,88
1c66b6ca4,3,0,88
7aeab5aca,2,1,88
8878141a0,3,3,88
563b1c260,4,2,88
e3fcdeed3,4,0,88
b84fb22ef,1,1,88
b7b432441,2,2,88
74f266b31,2,3,88
9497ca7b3,2,4,88
b3f2457aa,0,4,88
8f35441e3,4,0,88
3af1c6ed0,1,1,88
5ab7669bb,2,2,88
7fe628758,1,3,88
b690db35a,0,4,88
620f1eb43,3,0,88
cd5279677,4,1,88
99067575a,1,2,88
261432a07,4,3,88
5ac1be4cf,2,4,88
e9027d7c5,4,0,88
38035d30f,3,1,88
09f2bfe05,4,4,88
79e11d324,2,2,88
30cab6ae4,4,3,88
32bbd34c9,4,4,88
ba96ff079,4,1,88
165227ecf,0,3,88
90d8170d5,4,0,88
fa65744eb,3,1,88
e63fb9c1d,0,3,88
bb02f66b8,0,2,88
7680bdd18,1,3,88
0915b75d9,2,4,88
b07592b93,2,3,88
2dad3528b,3,4,88
fb5e72460,4,0,88
ef60b30c3,1,2,88
986d76541,4,4,88
0eef376fd,3,1,88
e422c68f6,3,2,88
7a8c7b9af,0,3,88
3bb533026,4,2,88
d74dbaa08,4,4,88
902d55f44,0,0,88
8397654c4,1,0,88
9be269634,3,4,88
04caeb3bd,1,0,88
79d17eb82,1,1,88
d8f9566b2,4,2,88
80fd33895,2,3,88
79e03e272,3,4,88
84916bfcb,2,0,88
5942695bd,0,1,88
779547d0a,4,2,88
ab26eef44,0,2,88
bd4d8852e,2,1,88
e33c8a8ce,2,3,88
7492e758c,4,4,88
e7dca6a96,0,0,88
b55026bd9,1,1,88
420b4ae48,4,2,88
1c6ffcd35,1,2,88
78006971c,0,3,88
08c7bbf09,3,1,88
3a91be9ef,3,4,88
f7c409bed,3,0,88
20f3a0c5c,0,1,88
4840d2cac,1,2,88
b81464e80,3,0,88
355a68dd7,2,3,88
d8b60e09a,3,2,88
74f63cb2e,0,4,88
7ce670150,0,0,88
854573ece,0,0,88
cf44e1a67,4,1,88
f68bdf0ac,0,2,88
3026c751f,1,3,88
41e16dfb0,3,4,88
cc445e16d,1,0,88
8f3c9b36f,2,2,88
a2317c5a4,0,1,88
f4612c761,3,4,88
4d7e8695a,2,2,88
069359db4,2,3,88
29e0e6f3c,2,4,88
48a78b891,1,4,88
db67bd439,2,0,88
6263c49aa,2,1,88
871c880aa,2,2,88
518a0eb0e,3,3,88
02b5f24ae,4,1,88
ec387c953,0,0,88
cf08f83fb,2,4,88
383d1fd4a,3,0,88
3423fc4ea,2,1,88
f8a732236,1,2,88
4223ee1bb,3,3,88
99f2949e4,2,4,88
636fbc2e0,4,0,88
89948e4ea,1,1,88
d59b8be19,1,3,88
baf17fffd,2,0,88
447a2a0a9,0,2,88
cc3365b18,3,3,88
075d8a7fe,2,3,88
11bc4e9b9,4,3,88
14a6b98bc,3,4,88
01cef15f6,2,4,88
971ff1419,2,0,88
c9757dff3,3,1,88
c429433da,0,2,88
d333b989d,3,3,88
a8effc717,0,3,88
494a239ed,0,4,88
ac62c7f35,1,0,88
198df7617,4,0,88
cd98c6a15,3,0,88
52bb23cce,3,0,88
2ed964d21,0,1,88
0e2cc2033,1,2,88
44e25739e,4,3,88
f3923203e,0,4,88
57ad297c5,0,0,88
92a0c2d46,2,1,88
ad84a0097,1,2,88
f305c0e4a,4,3,88
8a965eeaa,3,3,88
1627fa147,3,3,88
e74cc0839,3,4,88
ce59e84ab,3,0,88
61e569be7,0,3,88
9c0bed2c5,3,3,88
fe65836e5,0,1,88
e0e6b41e5,3,2,88
d82eca995,2,3,88
b81cf476e,3,4,88
543bcf94d,0,0,88
7c52601b9,2,1,88
56e590582,2,2,88
f71ecd9e9,0,2,88
4e0cdfdaf,4,3,88
2ac04d8a0,0,3,88
dcf85ad40,0,4,88
7350f59fd,2,0,88
0d7191993,4,4,88
9707b4ed7,4,1,88
7b862221d,3,2,88
5ee85b861,1,3,88
42903ee90,1,4,88
034bfda3f,4,3,88
9e2bc2bf9,2,0,88
4db658993,1,1,88
4409e7d1d,4,0,88
8702c3b65,4,2,88
92800bdda,1,3,88
1f3711a4c,0,4,88
3a251b3f4,4,4,88
86d0efac3,2,0,88
ef7091d7c,2,1,88
dcdb76d20,4,2,88
c72336fa5,3,3,88
611974422,4,4,88
70da9960b,0,0,88
589c8bd39,0,1,88
50e7e7f29,2,1,88
a713d5ec4,3,2,88
46de95092,0,4,88
44574243c,0,3,88
dcfa7a4cf,1,4,88
20a7c954d,3,0,88
eb4e3cbc2,0,1,88
b5e073c7b,0,2,88
e97000e5a,2,2,88
822c5d421,2,3,88
7aad61e03,1,4,88
d23861773,4,0,88
fa245b18c,4,1,88
25453cfdf,3,2,88
70d41e95f,1,3,88
b0e0d3a39,1,0,88
124782d8d,1,4,88
e7d6acd2e,3,0,88
849971671,4,1,88
39fde689a,0,2,88
42040e08c,0,3,88
ab21a5be7,2,0,88
7d262dd9b,2,4,88
cbd39e3aa,2,0,88
03b761fd9,4,1,88
3362c7f9a,2,2,88
501927637,4,3,88
9ba54834d,4,4,88
9cf73dfa2,4,0,88
5e0850d8c,1,1,88
dc05f5cbd,0,2,88
f9aeaeeaa,2,3,88
a6c6237aa,4,3,88
e847e756b,0,4,88
c9bbb69f6,0,0,88
459707759,0,1,88
b025a7846,1,2,88
cd2961c53,0,0,88
2d3e20104,4,3,88
dad182181,1,4,88
42e422ab7,4,0,88
c182a398b,3,4,88
d6ad3a9f9,1,0,88
93621e190,3,1,88
f741de5e3,2,2,88
1b0a2c763,1,2,88
112f57fc9,2,3,88
2d5024090,3,4,88
c911a8e1e,4,0,88
c9170e4aa,0,1,88
c3086ffed,3,3,88
7a1d484be,1,2,88
a3786e03d,4,0,88
e7ad87dde,2,3,88
c1e021c32,1,4,88
d5f23b194,4,1,88
6e2cbd96e,3,0,88
ec941d0ff,3,1,88
31f4701e4,4,2,88
6c021c53c,4,3,88
1bc647ae2,1,4,88
eb8c0bbe0,3,2,88
e291215df,1,0,88
0684bb254,3,1,88
0ae484f14,0,2,88
e4438a351,2,3,88
45f01d4f7,0,4,88
2dd95c781,1,0,88
1952e3237,1,1,88
cd4dc91f6,2,0,88
69b153a1b,0,2,88
314809a6c,1,3,88
634c43abf,1,4,88
3a54cfc98,0,0,88
c5c0d7b08,0,1,88
0103162f0,2,2,88
a8a7fcc01,4,3,88
9c5846f9b,2,3,88
3f4b5b5c9,1,4,88
5cbcd3d07,0,0,88
8c7fde315,3,1,88
92d29d8c7,2,2,88
7e6f263bc,2,3,88
668b4f061,2,4,88
1dc451c57,2,0,88
82e11623c,4,1,88
e84288bc7,2,2,88
17435506e,2,4,88
d94fd9e15,2,2,88
17acf292d,3,3,88
c06f29ae8,3,3,88
ad7445b0b,3,4,88
3bfd25fdc,4,4,88
e62f9d880,0,4,88
64b635d77,4,0,88
e50e4b781,0,4,88
0ffa97fdb,4,0,88
d36a81a17,1,1,88
c88dc44b4,4,2,88
1c5df7729,4,0,88
e25d616d7,1,2,88
52b8773a4,3,3,88
6d41c0d37,3,0,88
016913371,2,1,88
c2f2356f4,1,4,88
163b059f8,1,0,88
3b8d5410a,0,1,88
f852a4aea,2,2,88
49e795bd1,0,3,88
08237506d,0,2,88
c9af1974b,2,1,88
4a2657f6c,4,4,88
a3642fd77,1,1,88
912344be5,1,0,88
fe37691ed,1,1,88
6a619e81f,4,3,88
099389445,2,3,88
465d65831,4,2,88
6fc3d6ef3,2,3,88
54bc78ebe,3,3,88
9f63010ae,1,4,88
f8732af25,4,0,88
389343d57,0,1,88
9c22ab903,1,4,88
439864cdf,3,4,88
213418bf2,0,2,88
33ff38af6,3,3,88
64e630e0b,2,3,88
d14e63848,2,4,88
641c1c7e5,2,0,88
bb481343b,4,1,88
3763dbc60,0,2,88
243f9f286,1,3,88
4ac629fc1,2,4,88
8a4157251,3,0,88
6303d0608,4,1,88
767c8b535,0,2,88
4900e5f25,1,1,88
fc5a5244a,2,0,88
7cda5f625,3,2,88
cc3b6ab12,4,3,88
8c39eca3e,0,4,88
381bc33b5,1,0,88
62e457e21,2,0,88
5c31b7541,3,1,88
9a52b02f8,4,3,88
d96a6c50d,0,2,88
87f96eb79,1,3,88
d74750e16,2,0,88
924cdefd9,3,3,88
6f7826769,4,3,88
42f9be482,0,4,88
a476df8a0,1,0,88
c73f31159,2,1,88
9f6061f86,3,1,88
d2353167d,4,2,88
97e96043b,0,3,88
292f520b5,1,2,88
9c9974560,2,4,88
ad2423876,3,0,88
cf3098cc2,4,1,88
3cfce94c0,0,1,88
a83725b19,1,2,88
07ede44bb,2,3,88
46599d29c,3,4,88
493b80aa7,4,0,88
a44d55893,0,0,88
e044e1347,1,1,88
481f47cc5,2,2,88
673fda913,3,4,88
17f96f2dd,4,4,88
3c1662f6d,0,0,88
5aaea0bd8,1,0,88
ee740ca08,2,4,88
316a6bfad,3,1,88
a9056d3a4,4,2,88
736909e7d,0,3,88
d1d72c723,1,4,88
ef8dadd8e,2,4,88
f6693dda2,3,0,88
f73f7365c,4,1,88
ef53c25d9,0,2,88
f49f00012,1,3,88
0f789ee41,2,4,88
fb3a87374,3,0,88
e656d1eba,4,1,88
1cbe88ef7,0,3,88
6ae81aabd,1,0,88
f5f7c3d26,2,1,88
a9da501cb,3,2,88
79b571bbd,4,3,88
def536646,0,4,88
2d9607199,1,4,88
9bd5e9b85,2,0,88
dccc13f89,3,1,88
fd96c1cae,4,2,88
676ea2c42,0,3,88
e0f73ae9f,1,4,88
2b6d8d5c3,2,0,88
9f92bbd72,3,1,88
df4468377,4,2,88
af68dd0f2,0,3,88
23608e428,1,4,88
4ac44c984,2,0,88
6788643be,3,1,88
3f2f53afd,4,2,88
ab39fee13,0,3,88
ad2d34279,1,4,88
da9ed8478,2,0,88
532994791,3,1,88
4d0d6a016,4,4,88
3c7e5abdb,0,4,88
54f550af1,1,3,88
0c8f14517,2,2,88
66621b582,3,3,88
570cd7396,4,1,88
e6b3f5f58,0,4,88
55f425cd8,1,0,88
b09e32690,2,1,88
f04e03fd8,3,2,88
a8fea555a,4,2,88
a391b5f3e,0,2,88
e6dc71a9e,1,3,88
24e6ebf80,2,4,88
fbb641560,3,4,88
b4d3d8ef2,4,0,88
f1376df75,0,1,88
d79a4e1a5,1,2,88
7822e2ca6,2,3,88
9729b676a,3,4,88
de47da2fb,4,0,88
897fbf60f,0,1,88
37567968b,1,2,88
a6f74f001,2,3,88
e623232b0,3,4,88
c6a1d59a2,4,0,88
376438ce3,0,2,88
46a1be37e,1,1,88
96eddffa4,2,2,88
180e47ddb,3,3,88
c505566f2,4,4,88
f46fe00a6,0,0,88
58e65a993,1,1,88
aba1ee077,2,2,88
f62d12e7a,3,3,88
3ef19afed,4,4,88
e32075042,0,0,88
5ca441f3c,1,1,88
d1aea5953,2,2,88
895a51290,3,3,88
af7fc4781,4,4,88
659865134,0,0,88
ad0db6238,1,1,88
ef6e90948,2,2,88
4e092e773,3,3,88
6b9d9517c,4,4,88
115f29c07,0,0,88
f011f5c51,1,1,88
cce4e4d35,2,2,88
7012cea5f,3,3,88
d1dfd1715,4,2,88
37d4bfa13,0,1,88
ed0663872,1,4,88
c0624493d,2,4,88
7c9c3bb32,3,0,88
61deb8eed,4,2,88
54bd46713,0,1,88
91baeb938,1,2,88
a5617616c,2,3,88
6108bfcfe,3,4,88
7dfcd289d,4,0,88
0bff554c0,0,1,88
7422f1dcd,1,2,88
af362cca1,2,1,88
137110330,3,2,88
078e5a9d1,4,3,88
4b24e0419,0,4,88
b5a864f26,1,2,88
dac02af65,2,0,88
fb36ee6cd,3,1,88
79806b5a8,4,1,88
487771845,0,1,88
f8bff64b5,1,2,88
1c7862644,2,3,88
cbec73e11,3,4,88
40065fb08,4,0,88
9f01afcff,0,1,88
37674c1a5,1,1,88
924fe9fc2,2,2,88
e6a53230e,3,4,88
c913c40e9,4,3,88
cb354ebe8,0,0,88
21436de64,1,1,88
decc534df,2,2,88
54ba18cae,3,3,88
f68b10085,4,4,88
fa3cd3cea,0,4,88
71f0d87cc,1,4,88
0883ddb34,2,4,88
b2ddc6a72,3,0,88
e1e6416c6,4,3,88
7c9a8e9f5,0,1,88
4766cdb83,1,0,88
4053d0bab,2,2,88
16d7a4e4d,3,3,88
2b418e85b,4,4,88
f536d8076,0,0,88
590467bd6,1,1,88
0c21ee6f8,2,2,88
eb4a2f7bf,3,3,88
4377e3a0d,4,2,88
38af5cc3a,0,2,88
68badb173,1,4,88
1de24de83,2,0,88
8a78b9740,3,1,88
c049c77b7,4,2,88
000accf7e,0,3,88
612920de8,1,4,88
0a51787d0,2,0,88
f84c4a1c0,3,1,88
ebd23c3cc,4,2,88
ff5668ed1,0,2,88
365bd0179,1,3,88
40366641a,2,3,88
d4a81e7b0,3,2,88
0435e884e,4,4,88
477c42aa9,0,2,88
0bf29d257,1,0,88
062919523,2,0,88
7619f7f19,3,1,88
fb06f97c8,4,2,88
7d016018e,0,3,88
73bdebe89,1,4,88
1de2b5e2c,2,0,88
200a6e681,3,1,88
46ee3a263,4,0,88
932243dd0,0,2,88
cfbbbec88,1,3,88
7aa905ff4,2,1,88
cd298e163,3,4,88
091dbda14,4,0,88
b40a35033,0,1,88
bfafffdeb,1,4,88
b5b201c40,2,2,88
48af14a01,3,3,88
f834c1b8f,4,4,88
e392620b6,0,0,88
79bd72801,1,1,88
0fcd87cda,2,2,88
07cfb6556,3,3,88
ef56d3674,4,4,88
6a9acd4c1,0,0,88
0e56041a7,1,0,88
25d9549d3,2,1,88
353a016ff,3,0,88
7adcfd7d9,4,1,88
6f312a434,0,2,88
d679f75a5,1,3,88
cab921482,2,4,88
9020ab3af,3,0,88
8838b1af6,4,1,88
9b4d96aa9,0,2,88
160abb9da,1,3,88
ce24d2a6e,2,4,88
cb7665a67,3,3,88
32923648c,4,4,88
bec229c1c,0,0,88
e2ff6905f,1,3,88
398ababd9,2,1,88
d70a641ee,3,2,88
d85a0c0c6,4,0,88
092858ffc,0,3,88
849754b68,1,4,88
6005f5be9,2,2,88
488ef7f62,3,4,88
7178792b2,4,0,88
ffe773ae0,0,0,88
2e96cda35,1,1,88
8b851c890,2,2,88
a5c477895,3,3,88
22884c72c,4,4,88
2f108b0e3,0,0,88
1a1f543f9,1,4,88
2f0568ada,2,0,88
318b5eac2,3,1,88
c0f645ed1,4,2,88
8f4b98469,0,3,88
7283df62e,1,2,88
479b31816,2,4,88
d9fc2dfdb,3,0,88
a213db1ad,4,1,88
2d8df805b,0,2,88
70417d880,1,3,88
d6f4495e5,2,4,88
a723851da,3,0,88
1e04098af,4,1,88
739e1ece3,0,3,88
018a010ed,1,2,88
8d3b40b83,2,3,88
a2fb656f7,3,4,88
77f123887,4,3,88
f674def91,0,0,88
de5e426a8,1,1,88
f204303a7,2,2,88
238ce2846,3,3,88
d21637482,4,4,88
5fb11a4e9,0,2,88
8d406094c,1,4,88
b5b6a8c91,2,4,88
cb3ba497c,3,0,88
844317999,4,1,88
a5bd668ac,0,2,88
e1c477a9b,1,3,88
b871693a9,2,4,88
760ca04d2,3,2,88
749fe0db5,4,0,88
30399f8c6,0,1,88
bc891aeac,1,2,88
59013983d,2,3,88
20a9f9032,3,4,88
cdb568fc5,4,0,88
9f8e4b6a8,0,1,88
11160b307,1,2,88
dda78146c,2,2,88
7d0ad080f,3,1,88
79426bd13,4,2,88
110d00bd7,0,3,88
c2013b87b,1,1,88
a66fce0e1,2,3,88
bc686ca91,3,4,88
2eb7461d1,4,4,88
13819e702,0,0,88
8ba9cbba5,1,1,88
04917fcad,2,0,88
c03989140,3,1,88
4444b764e,4,2,88
939323ac0,0,3,88
3acfca44f,1,4,88
cc1fbba1c,2,1,88
1f67575c0,3,0,88
0787587e1,4,0,88
99f325daa,0,4,88
3689baf1b,1,1,88
ee51de65a,2,2,88
0a78456fc,3,3,88
848113fa7,4,4,88
d544d01c7,0,0,88
ed6292c31,1,1,88
eecfb12bc,2,0,88
bbe7b53ea,3,4,88
5687e706c,4,1,88
ceef3ac27,0,2,88
bb12c1dce,1,2,88
9cac2cf65,2,1,88
b5944cff3,3,3,88
295ac0a69,4,4,88
7a170ca45,0,0,88
e073edd52,1,1,88
67a624b4a,2,2,88
ac80c7a70,3,2,88
fd2db0ba0,4,3,88
5fb16607b,0,4,88
f76edaa28,1,0,88
501311b2c,2,1,88
c7d75f3b3,3,2,88
c7597befb,4,3,88
1f872b544,0,4,88
273a8a326,1,4,88
79eb821f1,2,0,88
9a9f08677,3,3,88
95ab43828,4,1,88
85af75ab8,0,3,88
69dd3889b,1,2,88
4b383dfae,2,3,88
a1c026e10,3,4,88
61ee5eb51,4,4,88
ff49f1c7a,0,4,88
445016ca7,1,0,88
22413123f,2,1,88
73a5a03c8,3,2,88
cf014ad6c,4,3,88
3fdffab6d,0,4,88
1b94fb095,1,1,88
7cb5c2106,2,1,88
4485ee440,3,3,88
24a74e4fc,4,0,88
ab86cc8e8,0,3,88
3e25d516f,1,1,88
bf24448fb,2,2,88
f668c926d,3,1,88
0852e8d60,4,1,88
cfcdf34b9,0,3,88
762f73b7e,1,4,88
5cf26d3b7,2,3,88
bf530fcb7,3,0,88
ee3d4e77c,4,1,88
4ba8e0311,0,2,88
bd76a2c46,1,3,88
0fca6ad03,2,3,88
3586e4c55,3,4,88
f74e0ac76,4,0,88
5d15769f1,0,1,88
138431178,1,2,88
e4f4670ec,2,2,88
08cd4e120,3,3,88
e37859b75,4,4,88
3e3b558a6,0,0,88
36e210ee0,1,1,88
8779be41b,2,2,88
c38382a68,3,3,88
7d553a313,4,1,88
60fae6c9b,0,4,88
59d7381bc,1,1,88
9218d8e68,2,0,88
bc7b89fb2,3,1,88
c9a24aebe,4,0,88
44535abb0,0,2,88
701d0ecf7,1,3,88
d28f49d8c,2,4,88
eabf391b9,3,4,88
e7fc43329,4,3,88
54163d93f,0,0,88
3992c344c,1,1,88
1005380ca,2,0,88
6d7c845a3,3,0,88
12fd9c2cc,4,2,88
5b4b2c146,0,3,88
4a94fedd7,1,0,88
eb8cb615b,2,4,88
764ff4139,3,3,88
f644926c8,4,1,88
6c91d6df0,0,0,88
e9e59ffa2,1,3,88
b3881ff46,2,4,88
ab9d15b8f,3,1,88
c5497ad0d,4,2,88
fadb3fe58,0,3,88
464d6bd5c,1,4,88
9f4d68402,2,4,88
1c0e7636c,3,2,88
e5c34d611,4,0,88
179dd034c,0,1,88
08777adc7,1,2,88
66d9b13a3,2,3,88
ae7995172,3,4,88
f68dee408,4,2,88
7a354d603,0,4,88
3f5f4778c,1,3,88
38da5163a,2,0,88
d7e61f52f,3,1,88
38965bb7f,4,2,88
7d2dd3148,0,3,88
3f4605870,1,4,88
2b9b07eb9,2,0,88
e9088a4cc,3,0,88
4b1f5c8f6,4,1,88
4f3a219cc,0,2,88
14a022a50,1,1,88
1c2312a79,2,3,88
4b313c0aa,3,4,88
3299b1723,4,0,88
6b5a73c9c,0,1,88
3fba18c1f,1,2,88
225003311,2,3,88
5fc17664e,3,2,88
53fb1b2ac,4,4,88
30d04088f,0,0,88
ad91fe6a9,1,1,88
fe5babaff,2,3,88
c2b70247e,3,2,88
509adac58,4,3,88
5d28cfec5,0,4,88
11210ce55,1,0,88
ab6c4f23d,2,1,88
ed8aaee0e,3,2,88
a5219d250,4,3,88
b322b06d3,0,4,88
1bf226f78,1,0,88
953bca512,2,1,88
706058a68,3,2,88
9f399e78c,4,4,88
a789c559d,0,3,88
33864b08f,1,4,88
4f3d94050,2,0,88
10ca1e259,3,1,88
450a06ea3,4,2,88
637bc5bb0,0,3,88
35226504b,1,0,88
915863fcb,2,4,88
04fe69def,3,0,88
6fa71e03e,4,1,88
8eb7aefc7,0,2,88
99aae94fc,1,3,88
8e4b1bbd5,2,4,88
727c9e1f9,3,0,88
0feaa7c39,4,1,88
d2ec578f0,0,0,88
2552e9c6b,1,2,88
7ded376a2,2,3,88
d5b2fcc3b,3,4,88
50618e1e0,4,0,88
a3a7e58a2,0,1,88
62d3e2443,1,2,88
5eb8b3743,2,4,88
5a024402e,3,3,88
f536ae255,4,4,88
b38cef398,0,0,88
e38a53eed,1,0,88
3a5fbbb4d,2,1,88
c2d353907,3,2,88
9a9812d57,4,3,88
0f00d6a1f,0,4,88
63a3b0945,1,0,88
89bcf0db2,2,3,88
ca0234c0f,3,1,88
390a404cf,4,0,88
f3c036df6,0,2,88
b0113640e,1,3,88
ea3a59f42,2,0,88
8a5be50cc,3,4,88
54b281e10,4,0,88
530c32ae0,0,1,88
c8dcc98a2,1,2,88
de80fa5f1,2,3,88
5e854dab8,3,0,88
072ffa613,4,0,88
01731e2cd,0,0,88
38b059144,1,1,88
39a7e9ce5,2,2,88
1d1e73e05,3,4,88
fdbacf1d4,4,3,88
8ac958dc2,0,4,88
904f13201,1,0,88
bd153d81a,2,1,88
90d7ec34f,3,2,88
8391e14df,4,3,88
3b0c66915,0,4,88
1a075fd39,1,0,88
aa91b51db,2,1,88
221722f91,3,2,88
a357353c6,4,0,88
0b296ec7a,0,3,88
eb6d9f3ac,1,4,88
8f94f3334,2,3,88
9151b9872,3,0,88
b4e124f35,4,1,88
28865b1a8,0,1,88
6f74f0c26,1,2,88
a0efdcd1d,2,3,88
27defc386,3,4,88
7257ef363,4,0,88
6efbd9c25,0,1,88
383d85fc8,1,2,88
f6172c6a5,2,3,88
62d4de831,3,3,88
d6ee79246,4,4,88
32e3b2efe,0,0,88
2dc904d3c,1,1,88
ca26a62a4,2,2,88
99a602911,3,3,88
efb89de3f,4,4,88
91653f748,0,0,88
ee5598bed,1,1,88
ed634f405,2,2,88
3138a5d15,3,3,88
c744465b7,4,0,88
9e5dc15f5,0,4,88
209478cd7,1,2,88
ea6d18550,2,0,88
7f4cfd2b8,3,1,88
6a548181f,4,2,88
d6a93ce07,0,2,88
2f0fc97cb,1,3,88
0751844bc,2,4,88
8662922c7,3,0,88
240b89006,4,1,88
4bbfe4ed6,0,2,88
84c6aac68,1,4,88
da7609c17,2,3,88
ee7d40251,3,4,88
fa9a5ca4e,4,0,88
d35944194,0,1,88
69124eeaa,1,2,88
cf2eab6a6,2,2,88
d7ac787c6,3,3,88
9e899e2c2,4,4,88
26d8c5606,0,0,88
fd22f6f1b,1,1,88
afeb324bd,2,3,88
9bca45412,3,2,88
23ff6b3c9,4,3,88
bd8003c58,0,2,88
5edebeded,1,4,88
94e30510c,2,2,88
d50dcf690,3,0,88
2c3f966f9,4,1,88
3974b08a4,0,2,88
3d52b6d6b,1,3,88
fc08493bf,2,4,88
c5f7b1717,3,0,88
bf2b536b7,4,4,88
694fd5ea9,0,1,88
3321a48a6,1,2,88
d025059c2,2,3,88
5b9dc0b5d,3,4,88
ced008e99,4,0,88
56f49dd99,0,1,88
20758ef4a,1,1,88
60debfd15,2,2,88
bb3a568de,3,3,88
9d6cbb6d0,4,4,88
28c7386e7,0,0,88
6aafcb83d,1,2,88
035e92ff6,2,2,88
18af5aaa3,3,1,88
d53823f84,4,2,88
82abc37fa,0,3,88
8e11eb352,1,4,88
b83072bdb,2,0,88
a61c4b2c3,3,0,88
aa018e487,4,1,88
2077be0a9,0,2,88
364009a31,1,2,88
ddb1f0f0a,2,3,88
d9827fb0f,3,4,88
0e3215f98,4,0,88
847925d38,0,3,88
b2873737b,1,1,88
193123f45,2,2,88
b95aae066,3,4,88
cbbdfc7ab,4,3,88
8a0f3a870,0,2,88
7131fbf96,1,2,88
048ee8fb8,2,2,88
51d407f43,3,0,88
791a613e9,4,4,88
00f023a86,0,0,88
ab579f45f,1,1,88
10c26bcf2,2,2,88
e5a1e4603,3,3,88
7d755c8e5,4,4,88
0caf33b2b,0,0,88
4626100d8,1,1,88
6e1348e12,2,4,88
1fef593cf,3,2,88
35214a762,4,1,88
286f9237a,0,3,88
3d800ce36,1,3,88
14872afdb,2,2,88
ea6f427c6,3,1,88
0df4de67e,4,2,88
035eeeb2a,0,4,88
4a06e22c0,1,4,88
2b10b4e23,2,0,88
997f8b53d,3,1,88
7a5d19db7,4,2,88
87b87e466,0,3,88
9e9eacb49,1,4,88
69a3b865e,2,4,88
1aee30059,3,0,88
a78d0ed39,4,1,88
a21bfa111,0,2,88
b10f60b6b,1,3,88
918940da6,2,3,88
d213a48d8,3,3,88
ed03a7129,4,4,88
dc0b5a7a3,0,0,88
4169649f2,1,1,88
1e63c192d,2,1,88
c85db4cc7,3,2,88
5160a9801,4,1,88
3e7c9cead,0,3,88
e1038716c,1,4,88
f8aeb3b98,2,0,88
5323d5c29,3,1,88
f65cf1018,4,2,88
e7628c7cf,0,1,88
b9f0de9f7,1,1,88
d6e807c7c,2,4,88
84d86d648,3,3,88
29fee0f5a,4,4,88
0ffc29ec0,0,0,88
bca4c9763,1,1,88
99204e583,2,2,88
3f0141064,3,3,88
a52bf84c5,4,4,88
80691eaa7,0,0,88
4c791e0cc,1,1,88
9eedd990c,2,2,88
284eaa5ad,3,3,88
7776dfe4b,4,4,88
fe44cbd14,0,0,88
9ea42e4ab,1,1,88
400b5fb6d,2,2,88
b5357a02c,3,3,88
20808494a,4,4,88
0c88f796b,0,0,88
215c6251a,1,1,88
6ae215054,2,2,88
367b40adb,3,3,88
13d49f82c,4,3,88
c4e09a85e,0,4,88
fa6bb66d0,1,0,88
3682a03ea,2,0,88
96deae2ab,3,1,88
8b3e2d531,4,1,88
bb60291db,0,2,88
968c283cd,1,4,88
f5e0c410a,2,3,88
62d33b32e,3,4,88
974a6be11,4,3,88
1433b32c3,0,0,88
f0c6ffa2f,1,1,88
7c6c55dd9,2,2,88
ed9bd6d42,3,3,88
574cc0461,4,4,88
fe0dbef10,0,0,88
1e77a04d4,1,4,88
ae2081eab,2,1,88
b047b3487,3,0,88
682b7a59a,4,1,88
108700fba,0,2,88
a603d1ba0,1,3,88
a5d622faf,2,4,88
776e8cdec,3,3,88
8f8e9fc41,4,4,88
1b4f8e807,0,0,88
716f4548c,1,1,88
d320d8fe5,2,2,88
c94fad68a,3,1,88
73a49c286,4,3,88
9e1ad6cc3,0,4,88
eb0976baf,1,1,88
9f9d452e8,2,1,88
0e96f2522,3,0,88
53bc19945,4,1,88
2356f0d62,0,2,88
b93784bb1,1,3,88
912846d5f,2,4,88
ac8a70925,3,0,88
0de5939cc,4,0,88
d57be9577,0,1,88
943325fa5,1,2,88
3b39139af,2,3,88
fb13e084e,3,1,88
268780694,4,4,88
2c9bcf259,0,1,88
1b5965664,1,0,88
8e109655a,2,2,88
63570e293,3,0,88
2c21c73ae,4,1,88
b0a8df49f,0,2,88
b163bbf8c,1,3,88
cf8dcfc05,2,4,88
93eada7ed,3,0,88
85b41606e,4,1,88
09b161e42,0,2,88
6d24206e3,1,3,88
deeff2162,2,1,88
6d91d7382,3,4,88
b21da66b1,4,0,88
2debecc63,0,3,88
44e81c99e,1,0,88
7f42b2204,2,0,88
1f8e17b78,3,1,88
fb5063eac,4,2,88
fc5a0368a,0,3,88
c68111ee9,1,4,88
0301b92fa,2,0,88
e11faa74b,3,1,88
f667f29b4,4,2,88
0ae3b1e64,0,3,88
0e2b16542,1,4,88
4d9c7bc5f,2,0,88
030b56bc4,3,1,88
eee3c8ed1,4,2,88
466e33a64,0,3,88
d5d719c31,1,4,88
7d63bedf7,2,0,88
c51e0ff6c,3,1,88
307efb1c0,4,2,88
e41a4d88e,0,1,88
b84de2eb4,1,3,88
c7905e412,2,4,88
ada447e86,3,0,88
185499138,4,1,88
3907792e1,0,2,88
419a01a56,1,3,88
d9a7b97be,2,4,88
31e08be8c,3,0,88
c8e2fb22b,4,1,88
450964a38,0,2,88
2505ee83e,1,3,88
b6365792d,2,4,88
abd03a6a5,3,0,88
73d389da4,4,1,88
0525b81ea,0,2,88
4481844ae,1,3,88
42269d093,2,4,88
0aba45c38,3,0,88
9d4ee13a8,4,1,88
b0bac7214,0,2,88
1e7cb9295,1,3,88
c91504fd8,2,4,88
58a4e027a,3,4,88
bd5047363,4,0,88
ff4126703,0,4,88
fffb83ae3,1,1,88
3fe2d53fd,2,2,88
f7b84baaa,3,3,88
6cfa2f783,4,4,88
26130bc8b,0,3,88
dbb82f833,1,4,88
3ae4a455c,2,0,88
7e416031a,3,4,88
f3706bfa0,4,1,88
e14aded9d,0,2,88
69f2b5a4a,1,3,88
2ca4b1b58,2,4,88
eaef73f9a,3,3,88
fdf6ceef7,4,4,88
5f044113a,0,0,88
12d29c137,1,2,88
b57463aaf,2,1,88
aacebbd54,3,2,88
388c83bfb,4,3,88
b03a4313b,0,4,88
75bedd3d4,1,0,88
847bf2182,2,1,88
532fcc79f,3,1,88
7bea11cc5,4,2,88
a51c40bfc,0,3,88
554968681,1,2,88
0c101f2db,2,4,88
04a9a0f6e,3,0,88
39651417c,4,1,88
db96da49b,0,2,88
3fb0cc126,1,3,88
545bdd4f9,2,0,88
610ee98eb,3,4,88
61cd7b9de,4,0,88
4bff73b96,0,2,88
765754b41,1,1,88
5db930a7c,2,1,88
f09734a29,3,2,88
1566cf3de,4,3,88
fb68de723,0,3,88
4df97a927,1,4,88
662c8504a,2,2,88
f054d6f00,3,0,88
76f92b721,4,1,88
dfae5947a,0,2,88
48c8e3b82,1,3,88
21947ffde,2,0,88
d64329167,3,4,88
43ba38ce7,4,0,88
8109718b0,0,2,88
280b96740,1,1,88
8a60e96ad,2,2,88
de47759ea,3,3,88
78feadebb,4,3,88
15aeaa28d,0,4,88
f540bf677,1,2,88
138640efe,2,2,88
e236e910d,3,0,88
37f0e2943,4,1,88
c8d948ee6,0,2,88
71066072a,1,3,88
96c1afccd,2,4,88
d7116bca8,3,0,88
5560a9551,4,3,88
14b89732b,0,1,88
e483eb793,1,2,88
afd1e9b86,2,3,88
e43288516,3,3,88
c94355a18,4,4,88
e2093875b,0,0,88
7fa0079d0,1,1,88
55b9d4cad,2,2,88
6a7bf1b8d,3,3,88
5be9a60e6,4,4,88
7ff68b5da,0,0,88
6c95bd675,1,0,88
dfa0adfbf,2,1,88
d56971604,3,2,88
a995ad06a,4,0,88
eb27da783,0,3,88
fe8049334,1,4,88
dc1704b87,2,0,88
aafcf165c,3,1,88
9737182e2,4,2,88
9476f3825,0,3,88
0755fc635,1,4,88
09f50e9df,2,0,88
9e619b223,3,1,88
0f9a8af35,4,2,88
4c70ca8aa,0,3,88
f19a4c051,1,4,88
b2887cae9,2,2,88
a5fafea13,3,0,88
ed95c6f1f,4,1,88
5af836f02,0,2,88
5c663d467,1,2,88
36cf547d3,2,3,88
4a6709fff,3,4,88
a3e39d82c,4,0,88
f27daed12,0,1,88
425301f2e,1,2,88
1bd81f5c5,2,3,88
7505d2ecb,3,4,88
4b7f1aaf9,4,0,88
55fa093cb,0,1,88
119070b51,1,3,88
05254a3bb,2,3,88
418b83e47,3,2,88
bbbfe2852,4,1,88
4fce9ba3d,0,2,88
f31191407,1,3,88
2b2956556,2,4,88
523be93ce,3,0,88
3284ae9a1,4,4,88
2516a9594,0,1,88
ea1ff7f5c,1,2,88
d79537761,2,2,88
9dfa32021,3,4,88
c8c8807f5,4,4,88
5ba30f6c3,0,3,88
a5b5d19ef,1,4,88
24e7cd638,2,0,88
f2807bde3,3,4,88
8adaa4e4c,4,0,88
5d49b3495,0,1,88
8b3e3a97b,1,0,88
261205d13,2,3,88
e7010d02a,3,3,88
11cfbca18,4,2,88
71b1c3766,0,4,88
80779b789,1,3,88
0869a5f53,2,1,88
7ea992c13,3,4,88
54abbaf34,4,0,88
e4b2adc8c,0,4,88
77d617696,1,2,88
b3899a2ee,2,4,88
0d6ebb3d7,3,0,88
f2b369c5c,4,1,88
9f2b5b246,0,2,88
32a364116,1,3,88
26c87ee54,2,2,88
62013b808,3,4,88
5f5ca10e0,4,0,88
08e6d6d7b,0,4,88
ece678a09,1,1,88
ec45bd222,2,2,88
ff5dc1c0b,3,4,88
c1a3fb624,4,1,88
95c02c078,0,3,88
d2208fccd,1,4,88
c24550bff,2,0,88
9a9b134c8,3,1,88
de2f02e6f,4,2,88
9ea0d2788,0,4,88
c34c54861,1,3,88
93d838248,2,1,88
3db285c39,3,4,88
258f088b3,4,0,88
28692531a,0,1,88
acaded704,1,2,88
077670aa0,2,3,88
534106951,3,4,88
70117a25c,4,0,88
b6d7f625e,0,1,88
888e9eb32,1,2,88
5ef1424f2,2,2,88
b6174e8be,3,0,88
0bd562bbf,4,3,88
fdd4a14e2,0,4,88
c65dd520d,1,0,88
3f8e99a66,2,4,88
508973de8,3,2,88
9bb35ecb1,4,0,88
9226a49a7,0,1,88
a0283cf3f,1,2,88
80143e757,2,3,88
fc8597e53,3,4,88
07ac4c066,4,1,88
2719dac02,0,0,88
a98ba5def,1,3,88
5a717a66b,2,1,88
1e6190236,3,4,88
a62b7b3b4,4,2,88
4625afea0,0,3,88
1a8e17102,1,4,88
823f90bf4,2,4,88
b49719b13,3,0,88
2cbaf24b1,4,1,88
859b9eebe,0,1,88
4a12b1cf1,1,2,88
ece951891,2,3,88
7b4d8533c,3,4,88
7061bd6cb,4,0,88
dac9444a6,0,0,88
74fe41820,1,1,88
621d338e0,2,2,88
03ed80951,3,0,88
eb50b525d,4,3,88
3e3be383b,0,4,88
41047dfad,1,0,88
9f9482dd7,2,2,88
25aa388a7,3,1,88
b6069700c,4,2,88
ee0cbca40,0,3,88
3ed4c6f35,1,0,88
cca797996,2,4,88
cb9f1209d,3,0,88
048c390ef,4,1,88
c718f2c12,0,2,88
2e945f2ac,1,3,88
0f32c1315,2,2,88
613fc24e7,3,3,88
32d579996,4,1,88
0e6bada1d,0,4,88
bd5200410,1,0,88
a826176fb,2,1,88
e30f07b5a,3,2,88
7c053644e,4,3,88
b51730f9c,0,4,88
014512f13,1,0,88
41863101e,2,1,88
1716d3c98,3,2,88
318f98420,4,3,88
804db3e6f,0,1,88
50efa270e,1,4,88
b724f5c64,2,0,88
c4b1ecb93,3,1,88
47631da8c,4,3,88
19e8508a4,0,2,88
489f0d2e4,1,3,88
53e9470e6,2,4,88
14bde3085,3,0,88
93e86d234,4,1,88
a24e1229b,0,0,88
c75df277b,1,2,88
e26914a57,2,3,88
30c42464a,3,4,88
6b15630fc,4,0,88
81a05f4d5,0,0,88
751113abb,1,0,88
50e970a38,2,1,88
583707316,3,2,88
69600d2e9,4,0,88
ba3ce03c3,0,3,88
7d9963b66,1,4,88
854fc1710,2,0,88
9752fe7ad,3,1,88
dcc3df7a1,4,1,88
4e8d1dc80,0,3,88
f812a9b5b,1,2,88
17b36b6bd,2,3,88
32815bd70,3,4,88
d2f715e42,4,2,88
fefb645c8,0,0,88
d37afc021,1,1,88
466727e29,2,3,88
e2810a167,3,2,88
93b0fbbd8,4,2,88
95e9434f2,0,3,88
dd94537c4,1,4,88
37f6f8e6f,2,4,88
6616c13a4,3,0,88
7522dfe0c,4,1,88
d36b46c15,0,2,88
50a424646,1,3,88
be40d522d,2,3,88
de62673ab,3,0,88
70ea81fcf,4,4,88
e020822cb,0,0,88
8abdedb08,1,4,88
91f7e030e,2,3,88
41d76962a,3,1,88
1f230e623,4,2,88
0106b8223,0,3,88
c9a4ea202,1,4,88
61ed38362,2,0,88
2f145a1fd,3,1,88
7ebde0a7c,4,1,88
c95da3c06,0,2,88
9a60d1143,1,3,88
aadfca281,2,4,88
93862fdad,3,0,88
6df66308a,4,1,88
a2298a161,0,2,88
10b11563d,1,3,88
11fc86ab3,2,3,88
08beb9b06,3,4,88
be8b95ec0,4,0,88
c95b9ef21,0,1,88
4142d9032,1,2,88
2472396a0,2,1,88
ff30cf178,3,3,88
c3302a176,4,3,88
a5e01b562,0,4,88
07fcc6d46,1,0,88
9810db6cc,2,3,88
6b95e3508,3,0,88
2ade9142e,4,1,88
ce2625cff,0,2,88
329899737,1,3,88
a852fb41d,2,4,88
7130069dc,3,0,88
7f5328c35,4,1,88
7f482dceb,0,2,88
e475faceb,1,3,88
71b10cd34,2,4,88
eb5a24d21,3,4,88
e9371122a,4,0,88
f0ddc51ab,0,1,88
d45abbed1,1,2,88
f994af4e1,2,3,88
a9dba43f4,3,2,88
519ca97e9,4,3,88
fb6a10777,0,3,88
001ef05a9,1,4,88
3aee5c9fd,2,4,88
b3c3a4ada,3,0,88
4eba2039c,4,1,88
e0afb9219,0,2,88
964b687a5,1,3,88
0637d5818,2,3,88
7a0e0eb5b,3,4,88
ece75211d,4,4,88
12e7d318d,0,0,88
bf9a1bd7f,3,2,88
3bdfdd284,2,1,88
e7d0b0fc2,0,2,88
74ee4d488,1,3,88
d25b7c3aa,1,4,88
aae3150c4,1,0,88
ef4dd7344,2,1,88
71e6d18b3,3,2,88
6dc503900,4,3,88
6ace882a8,0,1,88
a674f6c38,1,4,88
91fda1d78,2,4,88
db0d5ba4d,3,0,88
8b6e9878f,4,3,88
2defec2e6,0,0,88
cd4a51e02,1,1,88
c5f12dbf3,2,1,88
6425c7acb,3,2,88
b92a19ac7,4,3,88
e626a6367,0,4,88
462cb08e3,1,0,88
18a5ee5c5,2,1,88
7cad0f936,3,2,88
24b96de9a,4,0,88
af084a99e,0,2,88
ac92cfc37,1,3,88
9c7728077,2,4,88
824ea20cc,3,4,88
01255dd3d,4,0,88
b2307a80c,0,1,88
61c047490,1,2,88
513bd77b3,2,3,88
9635671b4,3,4,88
891c012e8,4,1,88
95797dd7d,0,0,88
c08246373,1,1,88
730277e8d,2,2,88
327c0085a,3,1,88
ba585b63c,4,3,88
fad51d3c8,0,3,88
acac08ee4,1,1,88
a56126929,2,4,88
3b1a28713,3,0,88
fa899288b,4,0,88
376090428,0,3,88
3f33b36a6,1,1,88
ff66deb88,2,1,88
f95a22e93,3,2,88
ff260e751,4,3,88
196bfa0f8,0,4,88
75d2b5e2d,1,0,88
bfa588b2f,2,2,88
4c0532594,3,1,88
5a358c889,4,2,88
0751ef6cb,0,3,88
cfd196202,1,4,88
5e8e57468,2,0,88
4387e650d,3,1,88
de40ff558,4,1,88
3bfbecabe,0,2,88
e444bca65,1,1,88
a7d777123,2,3,88
485e5e212,3,0,88
a910bc7f2,4,4,88
152fb715e,0,0,88
decae8817,1,1,88
aac8c0e7d,2,2,88
6a762012a,3,3,88
48e010492,4,4,88
2fa0b13d5,0,2,88
dca132c52,1,0,88
47d6aff90,2,0,88
a7ec6374c,3,1,88
1ae994d6d,4,2,88
9a4a22f12,0,3,88
580715b3c,1,4,88
5acc8134c,2,0,88
49965b919,3,4,88
847cf3d08,4,1,88
ff8f2fae3,0,2,88
6985f427e,1,3,88
a9a6635dc,2,3,88
eb57cde1c,3,1,88
ab29cc29a,4,4,88
f56e91ef9,0,2,88
b428fb330,1,4,88
cfbe26119,2,3,88
bcef3659e,3,1,88
3ecb99a3a,4,0,88
12969e286,0,1,88
c802bcec6,1,2,88
3e99cc39a,2,3,88
21aa5477d,3,4,88
6befdf5ed,4,1,88
c40a66044,0,0,88
b56a17586,1,1,88
613335dff,2,4,88
d3011b732,3,2,88
6c4059edf,4,3,88
c06d6373c,0,4,88
3efb796e2,1,0,88
4782886ea,2,1,88
3a3a8a83c,3,2,88
ed374c972,4,3,88
e62556057,0,4,88
08b76b5af,1,0,88
ec442ed0d,2,1,88
280792757,3,2,88
2018deb15,4,3,88
06e0d89b4,0,3,88
e3542af4e,1,4,88
1b69a927c,2,0,88
bf61390ab,3,0,88
6fc0df6aa,4,1,88
e741d2e9a,0,0,88
ba9b7c9aa,1,2,88
9b0baa1cd,2,3,88
fe42492d4,3,4,88
f8fc14a56,4,0,88
3ec443d49,0,1,88
93db5ca37,1,2,88
f28a4261d,2,3,88
3c48bf5aa,3,4,88
0d5063385,4,0,88
ca520088f,0,1,88
3533ba796,1,4,88
984532955,2,2,88
cf2e938da,3,3,88
04f79e807,4,4,88
ff99879dc,0,0,88
79d18bcf8,1,1,88
946f4fe91,2,0,88
26c8fe3f3,3,2,88
5d7e42a06,4,3,88
9ea79904e,0,4,88
4c33ab3a9,1,0,88
4752ac9de,2,1,88
955a8c878,3,3,88
7d909bbc3,4,2,88
5c406b096,0,0,88
bb55b73fc,1,4,88
ab408e89d,2,3,88
9e14ac17a,3,4,88
edd0518d3,4,4,88
7d99a764d,0,4,88
2ba521c55,1,0,88
102098a3b,2,1,88
a224655f2,3,2,88
1b6e19e78,4,3,88
23106fc3a,0,0,88
f61d1af0e,1,4,88
a654b2774,2,3,88
1ef2620e2,3,4,88
cf0754fe4,4,0,88
3eb9cddb8,0,1,88
5f96da48e,1,2,88
404180835,2,3,88
d2b59b45b,3,4,88
328b74259,4,0,88
3eb7d43dd,0,1,88
b82588521,1,2,88
fa7ded344,2,4,88
593e82f3f,3,3,88
4f79287ea,4,4,88
43beae221,0,0,88
ecb291af9,1,1,88
a12fe70cf,2,2,88
1779ba8c1,3,3,88
d436eb9c3,4,4,88
d9eb41f75,0,2,88
a65fb236a,1,2,88
8938afd2f,2,0,88
f91caf993,3,1,88
9a3f1c4f3,4,2,88
f7137b4c7,0,3,88
da4cec179,1,4,88
d6c4e3028,2,0,88
15f2cb16c,3,1,88
9fa6a7f79,4,1,88
c2b315a00,0,2,88
3fa507d01,1,2,88
f3721e6b5,2,3,88
c544d9384,3,4,88
0aaac8f69,4,0,88
d8c7bf9bc,0,0,88
8ef8fdb57,1,1,88
4f17abf2d,2,2,88
cdea4376d,3,3,88
a16f5d2c6,4,3,88
c01b34c77,0,0,88
407c92bcd,1,4,88
ddf896b32,2,0,88
037a82462,3,2,88
6e3c36a07,4,1,88
ea4f40ca6,0,2,88
39dcc6828,1,3,88
8f4de29b6,2,4,88
3c5efe178,3,0,88
82d1b3d00,4,2,88
8b34d870a,0,1,88
c58740461,1,3,88
4ac78e5c3,2,0,88
6db88f484,3,1,88
5b34bfeeb,4,0,88
23940648e,0,0,88
d28f425f4,1,3,88
76e040fd0,2,1,88
c9db496d2,3,1,88
2b58c6708,4,2,88
00ff70835,0,0,88
dcb44d2a8,1,3,88
bcd803279,2,0,88
c449939c7,3,4,88
488cc7730,4,0,88
df4390e2a,0,1,88
fb3c9e614,1,2,88
13009a21b,2,1,88
8ddf679c7,3,3,88
d45241a96,4,4,88
238a684ff,0,0,88
3b1faa196,1,4,88
74c83ad4a,2,1,88
b61a1b4dd,3,2,88
dd54ca86d,4,3,88
dac1a1d1a,0,1,88
e3c48fb3f,1,4,88
c0f9a68c4,2,0,88
ac7b567bf,3,0,88
0fa8b8d18,4,1,88
fe497d6b6,0,4,88
8729ce308,1,1,88
bd531e0d9,2,2,88
02042361f,3,3,88
b25ad4c02,4,4,88
7d713e437,0,0,88
46c598b5f,1,4,88
4f9cb89a9,2,1,88
4e809bc06,3,2,88
10b636b8f,4,3,88
464cd0f3c,0,4,88
fe6abf2d5,1,0,88
7a85d51a0,2,1,88
fca71161c,3,1,88
49d980e1a,4,4,88
59db21dca,0,2,88
3d608fc1c,1,3,88
63ef1ca08,2,4,88
734441146,3,0,88
530e61a52,4,1,88
d95fba12a,0,4,88
9b3213b77,1,2,88
e989a8d0a,2,3,88
6e48a64ea,3,4,88
a20b7c831,4,0,88
deb3d08da,0,3,88
8fe4635e5,1,4,88
18f1a757f,2,1,88
8c6414f2a,3,2,88
ee18d2160,4,3,88
0975adfd1,0,4,88
c6e6c1fbb,1,0,88
398de6619,2,1,88
12d2a4c43,3,3,88
b22392e0a,4,4,88
edcfbf9bc,0,3,88
657c2e5e9,1,2,88
debb0013b,2,3,88
61a2413ba,3,4,88
dd1c1c773,4,0,88
5e2dc0d55,0,1,88
2ef64a4c3,1,2,88
ce8c7bec8,2,3,88
98027a84c,3,4,88
bd3d86f22,4,0,88
f076d8942,0,1,88
f371189b5,1,2,88
eea5994cd,2,3,88
e00200d4a,3,0,88
cf898ee98,4,4,88
8a9bf826b,0,2,88
96f6084b2,1,4,88
67e42e414,2,0,88
3b501eb47,3,0,88
85a7b4fd9,4,2,88
858409e01,0,1,88
0a307851a,1,2,88
b18147e5e,2,3,88
801212476,3,4,88
d7ea6fa85,4,0,88
7eb1cc3a6,0,1,88
dfe1a4c2e,1,1,88
3ef278f52,2,2,88
66b828b4a,3,2,88
3e4324518,4,3,88
123089f0d,0,3,88
16c6b6f52,1,2,88
8160b3b3c,2,3,88
47b6010d9,3,4,88
7ccc0f771,4,0,88
8d697e15e,0,1,88
c7d20f683,1,2,88
d9e97ada3,2,3,88
c67974fcb,3,2,88
564f5943f,4,4,88
8ae20b895,0,0,88
4022385bd,1,2,88
43999fc11,2,1,88
53ee8fd57,3,2,88
6a5a64db6,4,2,88
1de294528,0,3,88
c956f7ad7,1,3,88
a934abe6f,2,4,88
a3f2f2a4b,3,0,88
085750930,4,1,88
2ad973f31,0,2,88
5f8ce05b8,1,3,88
9039acda3,2,4,88
031f30122,3,0,88
04005df65,4,4,88
b4eaadabe,0,1,88
118356e7a,1,2,88
ed95e9d53,2,3,88
93999db62,3,4,88
21ae4630e,4,2,88
7eeb2e6bf,0,1,88
27ae759b3,1,4,88
f2a50710e,2,0,88
35d89eec7,3,4,88
0505ec0d6,4,1,88
5ecf5daa3,0,2,88
28876f9d2,1,3,88
16dfce6a9,2,4,88
848e8bb68,3,2,88
fb5388070,4,0,88
cfb874eb7,0,4,88
8d2b2a88a,1,1,88
29784afb6,2,2,88
1946b8101,3,3,88
6188a6dda,4,3,88
31d70f860,0,4,88
fe511f5e2,1,0,88
a52976f6d,2,1,88
29af0cdc4,3,2,88
894214f77,4,2,88
d334a0bd3,0,2,88
9fbfabd8b,1,0,88
c69bb27e1,2,3,88
90cc9869f,3,2,88
9fc039bad,4,4,88
5cf104360,0,0,88
a67e94e39,1,1,88
726a4ddb5,2,2,88
8d666ccdb,3,3,88
22b8be3d9,4,4,88
83810dc29,0,3,88
07dd19b18,1,0,88
82486c2a2,2,1,88
21588e6ca,3,2,88
6b26e3764,4,1,88
cb37ae268,0,3,88
4f96f7a0f,1,3,88
1c0bb0401,2,4,88
b5863e37e,3,2,88
d53ad846e,4,0,88
e82d5caca,0,1,88
338934180,1,4,88
fb8e6baa7,2,2,88
395082cd2,3,3,88
788cb8492,4,2,88
cdecb71c4,0,4,88
20e58475c,1,3,88
c273dccac,2,0,88
7a3d486c9,3,1,88
a9624bdf8,4,2,88
44b882d7b,0,0,88
cd0a82e55,1,3,88
bbaeb1277,2,4,88
9cdf5fe75,3,0,88
2ac9d9f75,4,1,88
9b4e8bd32,0,2,88
c2f833e93,1,3,88
60acac5fa,2,4,88
ca2945337,3,4,88
3a4d65f8d,4,0,88
e9292e4f6,0,1,88
6aaa97050,1,1,88
fa8918595,2,2,88
097311017,3,3,88
515e83b56,4,1,88
51cbd03bc,0,2,88
3c7597144,1,2,88
34ec7fa04,2,4,88
736e95591,3,0,88
c70989c96,4,1,88
2e466993d,0,2,88
9e18f874b,1,4,88
df72292bd,2,3,88
4020d4527,3,4,88
c14f4a3c3,4,3,88
09ee04799,0,1,88
966bfb330,1,0,88
53cb4f181,2,1,88
4a90b4554,3,2,88
edb591697,4,3,88
a1ba30134,0,4,88
ce1f3e26c,1,0,88
92e3a54e8,2,2,88
62dceff46,3,1,88
f5fd15b56,4,1,88
64ebce72c,0,2,88
7f4525afa,1,3,88
4646af457,2,4,88
91e87e7dc,3,0,88
c092acf55,4,1,88
346a3a3b3,0,2,88
f79f81e16,1,1,88
74221a3fa,2,2,88
4e00b8403,3,3,88
19118c7af,4,4,88
848ce782a,0,0,88
39cfe9fb1,1,2,88
0291a72fb,2,4,88
37f8dab19,3,1,88
bcd734621,4,2,88
d46185a7d,0,3,88
cebfcfb33,1,1,88
ca7b204d2,2,4,88
2c94c9e34,3,0,88
9ab841811,4,1,88
d78716d74,0,4,88
9cbc92ce1,1,2,88
c7612744f,2,3,88
dab7bcf73,3,4,88
7e777d654,4,4,88
896fd296d,0,0,88
2617a9b90,1,2,88
5ab9aaeff,2,3,88
ef23ee9af,3,1,88
67b57e1af,4,1,88
142300e12,0,0,88
05a66a8b7,1,2,88
44ed4b49d,2,1,88
8990c710b,3,4,88
0cd8230f8,4,3,88
94ff68620,0,4,88
e79369a60,1,0,88
f5ac1e0c3,2,1,88
65e557a34,3,2,88
ee607c4d5,4,1,88
b55a027aa,0,3,88
6a71cad2a,1,3,88
ae4dacb09,2,3,88
5b502970d,3,4,88
87197d2c7,4,0,88
d4d707fb6,0,2,88
470ef2132,1,4,88
18724c21e,2,1,88
b95eb1d3e,3,3,88
35f8e37d1,4,3,88
04ade0eb2,0,3,88
9788d8043,1,2,88
b727d1faf,2,2,88
f5c2d1c04,3,2,88
c00b2023c,4,3,88
7448774f1,0,3,88
ccecebc17,1,4,88
f0d06ab63,2,0,88
228aa5585,3,1,88
4a1333b11,4,1,88
c513ec92f,0,2,88
bbee1c554,1,3,88
76df6dcd0,2,4,88
3c0447a11,3,0,88
0f3915450,4,1,88
f9fffc984,0,2,88
80f1e0cfd,1,3,88
924ba4a14,2,4,88
2b4024021,3,1,88
d52ee40f0,4,3,88
fa0b71d87,0,0,88
79b698ba8,1,1,88
dd7d0d74c,2,2,88
a341fdf3e,3,3,88
3ee9d45f9,4,3,88
be4736207,0,4,88
679ea4f70,1,1,88
5d2a23a98,2,0,88
2b02d86a5,3,1,88
f86db50bb,4,2,88
ac480ed26,0,3,88
23e330f4f,1,4,88
a44fe1d5a,2,1,88
6efcddc6e,3,0,88
4c5ee9852,4,2,88
ed65d0f3d,0,1,88
d009573dd,1,1,88
e60f4e31a,2,2,88
575f6a437,3,3,88
cc390cb43,4,0,88
00d4d251d,0,4,88
6c755953d,1,0,88
2a07d8b52,2,2,88
b858f1375,3,1,88
6b8476f7a,4,1,88
daab29b47,0,0,88
818cd12b8,1,2,88
33836f881,2,3,88
f8cb3c63b,3,4,88
2131211ce,4,4,88
d5ae1bb57,0,0,88
4b41bb2b5,1,1,88
99dd7d90f,2,1,88
1f4a71220,3,2,88
055df866f,4,3,88
ee67170f5,0,4,88
130249280,1,0,88
b9f5c5011,2,1,88
6fceedb16,0,1,88
1ffdf1576,2,0,88
6fa612e10,3,3,88
bb2259bf6,2,1,88
80d312c02,4,3,88
5612f85cc,0,1,88
1c9fe933e,1,2,88
51bdca98c,2,3,88
6d9725cb4,3,4,88
3b8487bd0,4,0,88
caa3eee41,0,1,88
4590548e9,1,4,88
3c8bc21a4,2,2,88
396ccfba1,3,3,88
c4704e381,4,3,88
3c8cc67a6,0,4,88
698dcda87,1,0,88
7a06ba0cd,2,2,88
620c94c7c,3,1,88
76fe1a630,3,2,88
b300ba844,4,3,88
2a36e28fd,0,4,88
3f4d05380,1,0,88
a60686533,2,2,88
aee4b497d,3,1,88
7aab1d5fd,4,1,88
196bb8e99,0,2,88
711f87410,1,3,88
cf48c7441,2,4,88
4c542ae57,3,0,88
060fc57c6,4,4,88
46e7240c8,0,1,88
cfdf06155,1,2,88
253dccf1b,2,3,88
2130335c8,3,3,88
afe0798cc,4,0,88
ad5b96b41,0,4,88
a0d80fffb,1,3,88
299c356fb,2,0,88
252d9e8ad,3,1,88
bf0d08b6a,4,2,88
85cdc2533,0,2,88
1e1a86396,1,3,88
97fddd32f,4,1,88
1052d28f3,2,1,88
55e342232,3,4,88
0d48a121f,2,0,88
ecf99de57,4,1,88
1063b23ce,0,2,88
5fc294936,1,3,88
7b3323c17,2,4,88
163c67ac2,1,0,88
83ef18d6b,3,1,88
e3b9b8ac4,0,2,88
257eed703,4,3,88
cc1a9a3e8,0,4,88
b56b87069,2,4,88
4eedcc112,3,0,88
3e854ccc5,4,1,88
723b24b58,0,2,88
6adf32ac0,1,3,88
628d70a38,2,4,88
46f9e5b96,3,1,88
95413908b,4,0,88
67142a9ad,0,0,88
b4b620ce2,1,1,88
ec967b467,1,3,88
68e9c3414,2,4,88
ced0db116,3,1,88
08c96cd09,4,3,88
90c128b48,0,2,88
ddadb6092,1,3,88
2236a8045,2,4,88
81d9f2f4f,3,3,88
9eea14ccb,3,4,88
6a7e5f932,4,0,88
b2f57788e,3,3,88
eb7ccf8a3,1,1,88
dc8bb7a8c,0,2,88
30a6fa2ca,2,4,88
571901e17,1,3,88
253d55031,3,0,88
10e99972d,1,4,88
6060b06be,2,0,88
49dc9c57f,1,1,88
72e6d3add,1,2,88
075672d6f,2,3,88
701f51d86,4,4,88
944aa5331,3,0,88
475802be3,0,2,88
9611b9cfb,1,1,88
02817cbd1,3,2,88
2985f4021,0,0,88
a895fc4a7,3,3,88
4d403fd57,4,0,88
14972af78,1,1,88
3ba0b1f96,2,4,88
24288b9a5,3,0,88
1686d6ea3,1,1,88
2b3f1f54e,2,2,88
4f53dd071,2,3,88
f79dfc781,4,4,88
f482c02a0,3,4,88
df6f22f73,3,0,88
7382b7a7a,3,1,88
dc68539f2,4,2,88
e3809434d,0,3,88
3bb83a8d7,2,1,88
d709d7022,4,4,88
b9d1695e2,0,1,88
6e030ff29,0,0,88
7005971ef,1,1,88
9c5ff50d5,4,2,88
25f93b2f6,3,2,88
b8733aeb1,4,3,88
2baf404d8,3,4,88
f301ff005,1,0,88
25ca8f498,3,4,88
2c26db523,3,4,88
cd19e2350,1,1,88
15e2e9e7a,2,2,88
5b990ba77,2,3,88
